<?xml version="1.0" encoding="utf-8"?>
<Piecemaker>
  <Contents>
    <Image Source="style/images/piece1.jpg" Title="Image 1"></Image>
    <Image Source="style/images/piece2.jpg" Title="Image 2">
      <Text>&lt;h1&gt;Lorem Ipsum&lt;/h1&gt;&lt;p&gt;Nunc et tellus eu ipsum pretium suscipit. Cras cursus fringilla faucibus. Cras sed imperdiet sem. Vestibulum vitae risus eros, non accumsan tellus. Vivamus eget neque risus, ac tristique diam. Lorem ipsum dolor sit amet, consectetur adipiscing elit. Etiam luctus euismod rhoncus. Nam eu dui velit, vitae gravida enim. In laoreet luctus mauris nec cursus. Class aptent taciti sociosqu ad litora torquent per conubia nostra.&lt;/p&gt;</Text>
      <Hyperlink URL="#" Target="_blank" />
    </Image>
    <Image Source="style/images/piece3.jpg" Title="Image 3"></Image>
    <Image Source="style/images/piece4.jpg" Title="Image 4"></Image>
  </Contents>
  <Settings 
  ImageWidth="960" 
  ImageHeight="380" 
  LoaderColor="0x333333" 
  InnerSideColor="0x222222" 
  SideShadowAlpha="0.8" 
  DropShadowAlpha="0.7"
  DropShadowDistance="25" 
  DropShadowScale="0.95" 
  DropShadowBlurX="40" 
  DropShadowBlurY="4" 
  MenuDistanceX="20" 
  MenuDistanceY="50" 
  MenuColor1="0x999999" 
  MenuColor2="0x333333" 
  MenuColor3="0xFFFFFF" 
  ControlSize="100" 
  ControlDistance="20" 
  ControlColor1="0xFFFFFF" 
  ControlColor2="0x3A3A3A" 
  ControlAlpha="0.8" 
  ControlAlphaOver="0.95" 
  ControlsX="480" 
  ControlsY="280&#xD;&#xA;" 
  ControlsAlign="center" 
  TooltipHeight="30" 
  TooltipColor="0xFFFFFF" 
  TooltipTextY="5" 
  TooltipTextStyle="P-Italic" 
  TooltipTextColor="0x000000" 
  TooltipMarginLeft="5" 
  TooltipMarginRight="7" 
  TooltipTextSharpness="50" 
  TooltipTextThickness="-100" 
  InfoWidth="400" 
  InfoBackground="0xFFFFFF" 
  InfoBackgroundAlpha="0.95" 
  InfoMargin="15" 
  InfoSharpness="0" 
  InfoThickness="0" 
  Autoplay="10" 
  FieldOfView="45">
  </Settings>
  <Transitions>
    <Transition Pieces="9" Time="1.2" Transition="easeInOutBack" Delay="0.1" DepthOffset="300" CubeDistance="30"></Transition>
    <Transition Pieces="15" Time="3" Transition="easeInOutElastic" Delay="0.03" DepthOffset="200" CubeDistance="10"></Transition>
    <Transition Pieces="9" Time="1.25" Transition="easeInOutBack" Delay="0.1" DepthOffset="900" CubeDistance="5"></Transition>
  </Transitions>
</Piecemaker>